{
  "date": "2020-12-10T19:33:05.957Z",
  "thumbnail": "/img/uploads/alca-de-bolsa-transversal-regulavel.png",
  "title": "Como Fazer Alça de Bolsa Transversal Regulável",
  "sections": [
    {
      "type": "breadcrumbs",
      "enabled": true
    },
    {
      "type": "page-title",
      "title": "Como Fazer Alça de Bolsa Transversal Regulável",
      "description": "Aprenda como fazer uma Alça Regulável para Bolsa Transversal "
    },
    {
      "type": "blog-post",
      "enabled": true
    },
    {
      "type": "collection-shelf",
      "shuffle": false,
      "limit": 12,
      "page": 1,
      "collection_id": "5f19eb4a14ff772fde81d7f3:categories:Alças:/alcas"
    },
    {
      "type": "info-bar",
      "enabled": true
    },
    {
      "type": "blog",
      "enabled": true
    }
  ],
  "meta_title": "Como Fazer Alça de Bolsa Transversal Regulável",
  "meta_description": "Aprenda como fazer uma Alça Regulável para Bolsa Transversal ",
  "body": "<iframe width=\"100%\" height=\"315\" src=\"https://www.youtube.com/embed/wE5QAp093hs\" frameborder=\"0\" allow=\"accelerometer; autoplay; clipboard-write; encrypted-media; gyroscope; picture-in-picture\" allowfullscreen></iframe>\n\n<a href=\"https://www.youtube.com/embed/wE5QAp093hs\" target=\"_blank\"> <b><span>Inscreva-se no Canal Coisas da Teca no Youtube, e receba notificações cada vez que postar um vídeo novo! </b> </span></a>\n\nOi gente, tudo bem?\r\nNesse vídeo te ensino como fazer uma alça de bolsa transversal com regulagem de tamanho de uma maneira suuuper fácil!!!\r\nTenho certeza que você vai amar!!!\nGostou do vídeo? Comenta lá no meu canal :) adoro receber comentários por lá também! \n\nTodos os tecidos usados nesse passo a passo você encontra aqui na minha loja de tecidos!\n\n<a href=\"https://www.coisasdatecaloja.com.br/alcas\" target=\"_blank\"> <span><b>Compre Aqui </b> </span></a>"
}