{
  "date": "2020-08-15T00:04:46.631Z",
  "title": "Dica da Teca: Como Trocar o Óleo da Máquina de Costura Industrial",
  "sections": [
    {
      "type": "breadcrumbs",
      "enabled": true
    },
    {
      "type": "page-title",
      "description": "Na dica de hoje,vou te mostrar como eu troco o óleo da minha maquina industrial de uma maneira bem fácil! É muito importante cuidar com muito carinho da nossa maquina de costura, pois ela é nosso instrumento de trabalho!",
      "title": "Como Trocar Óleo de Máquina de Costura Industrial - Dicas da Teca"
    },
    {
      "type": "blog-post",
      "enabled": true
    },
    {
      "type": "collection-shelf",
      "shuffle": true,
      "title": "♥Confira as Novidades da Loja ♥",
      "collection_id": "5f19eb4914ff772fde81d7f1:categories:Armarinho:/armarinho",
      "sort": "lowest_price"
    },
    {
      "type": "info-bar",
      "enabled": true
    },
    {
      "type": "blog",
      "enabled": true
    }
  ],
  "description": "",
  "meta_title": "Dica da Teca: Como Trocar o Óleo da Máquina de Costura Industrial ",
  "meta_description": "Dica da Teca: Como Trocar o Óleo da Máquina de Costura Industrial ",
  "thumbnail": "/img/uploads/como-trocar-o-oleo-da-maquina-de-costura-industria_.png",
  "body": "\n <a href=\"https://www.youtube.com/embed/OWRFiXfHtOk\" target=\"_blank\"> \n<iframe width=\"100%\" height=\"600\" src=\"https://www.youtube.com/embed/OWRFiXfHtOk\" frameborder=\"0\" allow=\"accelerometer; autoplay; encrypted-media; gyroscope; picture-in-picture\" allowfullscreen></iframe>\n\n\n\n<b><span>Inscreva-se no Canal Coisas da Teca no Youtube, e receba notificações cada vez que postar um vídeo novo! </b> </span></a>\n\n\nNa dica de hoje,vou te mostrar como eu troco o óleo da minha maquina industrial de uma maneira bem fácil! É muito importante cuidar com muito carinho da nossa maquina de costura, pois ela é nosso instrumento de trabalho!\n"
}