{
  "date": "2020-12-18T12:46:00.000Z",
  "thumbnail": "/img/uploads/organizador-multiuso.png",
  "title": "DIY - Passo a Passo Organizador Multiuso Fácil de Fazer!",
  "meta_title": "DIY - Passo a Passo Organizador Multiuso Fácil de Fazer",
  "meta_description": "Como fazer um Organizador Multiuso - DIY em Coisas da Teca",
  "sections": [
    {
      "type": "breadcrumbs",
      "enabled": true
    },
    {
      "type": "page-title",
      "description": "Como fazer um Organizador Multiuso - DIY em Coisas da Teca",
      "title": "DIY - Passo a Passo Organizador Multiuso Fácil de Fazer"
    },
    {
      "type": "blog-post",
      "enabled": true
    },
    {
      "type": "collection-shelf",
      "shuffle": false,
      "limit": 12,
      "page": 1,
      "collection_id": "5f19eb4814ff772fde81d7ee:categories:Busque por Temas:/busque-por-temas",
      "sort": "news"
    },
    {
      "type": "info-bar",
      "enabled": true
    },
    {
      "type": "blog",
      "enabled": true
    }
  ],
  "body": "<iframe width=\"100%\" height=\"315\" src=\"https://www.youtube.com/embed/PaslNG7kLG0\" frameborder=\"0\" allow=\"accelerometer; autoplay; clipboard-write; encrypted-media; gyroscope; picture-in-picture\" allowfullscreen></iframe>\n\n <a href=\"https://www.youtube.com/embed/PaslNG7kLG0\" target=\"_blank\"> <b><span>Inscreva-se no Canal Coisas da Teca no Youtube, e receba notificações cada vez que postar um vídeo novo! </b> </span></a>\n\nOi gente, tudo bem?\r\nNo passo a passo de hoje vamos fazer um organizador multiuso, super fácil de fazer e que fica super charmoso!!! Ele possui três bolsos internos para você organizar tudo que precisar!\r\nNão se esqueça de curtir o vídeo e compartilhar com as amigas arteiras!!!\n\n\n\nTodos os tecidos usados nesse passo a passo você encontra aqui na minha loja de tecidos!\n\n<a href=\"https://www.coisasdatecaloja.com.br/tecidos\" target=\"_blank\"> <span><b>Compre Aqui </b> </span></a>"
}