{
  "date": "2020-12-21T13:51:00.000Z",
  "thumbnail": "/img/uploads/sacola-de-compras-em-tecido.png",
  "title": "DIY - Passo a Passo Sacola de Compras em Tecido",
  "meta_title": "DIY - Passo a Passo Sacola de Compras em Tecido",
  "meta_description": "Como Confeccionar Sacola de Compras em Tecido - Coisas da Teca ",
  "sections": [
    {
      "type": "breadcrumbs",
      "enabled": true
    },
    {
      "type": "page-title",
      "title": "DIY - Passo a Passo Sacola de Compras em Tecido",
      "description": "Como Confeccionar Sacola de Compras em Tecido - Coisas da Teca "
    },
    {
      "type": "blog-post",
      "enabled": true
    },
    {
      "type": "collection-shelf",
      "shuffle": false,
      "limit": 12,
      "page": 1,
      "collection_id": "5f19eb5114ff772fde81d802:categories:Frutas:/tecido-estampa-frutas",
      "sort": "news"
    },
    {
      "type": "info-bar",
      "enabled": true
    },
    {
      "type": "blog",
      "enabled": true
    }
  ],
  "body": "<iframe width=\"100%\" height=\"315\" src=\"https://www.youtube.com/embed/XXSLV8PULe0\" frameborder=\"0\" allow=\"accelerometer; autoplay; clipboard-write; encrypted-media; gyroscope; picture-in-picture\" allowfullscreen></iframe>\n\n <a href=\"https://www.youtube.com/embed/XXSLV8PULe0\" target=\"_blank\"> <b><span>Inscreva-se no Canal Coisas da Teca no Youtube, e receba notificações cada vez que postar um vídeo novo! </b> </span></a>\n\n\nOi gente, tudo bem?\r\nO passo a passo de hoje está super fácil de fazer, tenho certeza que você vai amar!!!\r\nVamos fazer uma sacola de compras, isso mesmo, igual aquelas de plastico que samos no supermercado, farmácia, etc.. O diferencial é que vamos fazer em tecido e vamos poder usar essa sacola muitas e muitas vezes!!!\n\nTodos os tecidos usados nesse passo a passo você encontra aqui na minha loja de tecidos!\n\n<a href=\"https://www.coisasdatecaloja.com.br/tecidos\" target=\"_blank\"> <span><b>Compre Aqui </b> </span></a>\n"
}