{
  "date": "2021-01-07T01:00:47.142Z",
  "title": "Live! Vamos falar sobre Planejamento Anual 2021 ",
  "thumbnail": "/img/uploads/live08janeiro-planejamento-anual.png",
  "body": "<iframe width=\"560\" height=\"315\" src=\"https://www.youtube.com/embed/lGoNxNv_Azw\" frameborder=\"0\" allow=\"accelerometer; autoplay; clipboard-write; encrypted-media; gyroscope; picture-in-picture\" allowfullscreen></iframe>\n\nEspero você dia 08 de janeiro ( sexta- feiras) às 19h para conversarmos sobre Planejamento Anual 2021. \n\n\n\nAssine o canal e deixe ativado seu lembrete para receber notificação.",
  "meta_title": "Live! Vamos falar sobre Planejamento Anual 2021 ",
  "meta_description": "Live! Vamos falar sobre Planejamento Anual 2021 ",
  "sections": [
    {
      "type": "breadcrumbs",
      "enabled": true
    },
    {
      "type": "page-title",
      "title": "Live! Vamos falar sobre Planejamento Anual 2021 ",
      "description": "08 de janeiro ( sexta- feiras) às 19h para conversarmos sobre Planejamento Anual 2021. Assine o canal e deixe ativado seu lembrete para receber notificação."
    },
    {
      "type": "blog-post",
      "enabled": true
    },
    {
      "type": "collection-shelf",
      "shuffle": false,
      "limit": 12,
      "page": 1,
      "collection_id": "5fc98acc69274c73fce11f2b:collections:♥ Especiais do Mês ♥:/especiais-do-mes",
      "sort": "views",
      "title": "Veja mais Tecidos Coisas da Teca ",
      "link": "https://www.coisasdatecaloja.com.br/especiais-do-mes"
    },
    {
      "type": "info-bar",
      "enabled": true
    },
    {
      "type": "blog",
      "enabled": true
    }
  ]
}