{
  "meta_title": "Coisas da Teca -Tecidos Nacionais e Produtos de Armarinho para seu Artesanato",
  "meta_description": "Loja Coisas da Teca, tecidos nacionais de diversas estampas.Kits de tecidos, alças e produtos de armarinho para seu artesanato.",
  "sections": [
    {
      "type": "banner-slider",
      "autoplay": 7000,
      "slides": [
        {
          "start": "2021-03-01T19:24:21.935Z",
          "end": "",
          "img": "/img/uploads/parcelamento.jpg",
          "link": "https://www.coisasdatecaloja.com.br/ofertas",
          "alt": "Parcele suas compras em até 6x sem juros no cartão * Veja todas as Ofertas"
        },
        {
          "start": "2021-01-19T18:29:24.326Z",
          "end": "",
          "img": "/img/uploads/tecidosslide.jpg",
          "link": "https://www.coisasdatecaloja.com.br/tecidos",
          "alt": "Tecidos para seu Artesanato, compre online em Coisas da Teca"
        },
        {
          "start": "2021-01-19T18:29:42.462Z",
          "end": "",
          "img": "/img/uploads/fretegratis-2021.jpg",
          "link": "https://www.coisasdatecaloja.com.br/pages/promocoes-frete",
          "alt": "Enviamos para Todo Brasil, confira as Promoções em Frete "
        }
      ]
    },
    {
      "type": "responsive-banner",
      "img": "/img/uploads/fachada-tecidos-coisasdateca.png",
      "mobile_img": "/img/uploads/fachadamobileteca.png"
    },
    {
      "type": "collection-shelf",
      "shuffle": false,
      "limit": 24,
      "page": 1,
      "sort": "news",
      "title": "Lançamentos "
    },
    {
      "type": "collection-shelf",
      "shuffle": false,
      "collection_id": "603835e19332dd6865df1d16:categories:Ofertas:/ofertas",
      "sort": "offers",
      "title": "♥ Em Oferta  ♥",
      "page": "",
      "limit": "",
      "link": "https://www.coisasdatecaloja.com.br/ofertas"
    },
    {
      "type": "collection-shelf",
      "shuffle": false,
      "limit": 12,
      "page": "",
      "sort": "news",
      "collection_id": "602d20969332dd6865d69702:categories:Coleção Signature Fabricart:/colecao-signature-fabricart",
      "title": "♥ Coleção Signature Fabricart ♥",
      "link": "https://www.coisasdatecaloja.com.br/colecao-signature-fabricart"
    },
    {
      "type": "collection-shelf",
      "shuffle": false,
      "limit": 12,
      "page": 1,
      "collection_id": "5ff7a6c569274c73fcf25153:categories:Kit Necessaire:/kitnecessaire",
      "sort": "news",
      "title": "♥ Kit Necessaire♥ ",
      "link": "https://www.coisasdatecaloja.com.br/kitnecessaire"
    },
    {
      "page": "",
      "title": "♥ Armarinho ♥",
      "shuffle": true,
      "headless": false,
      "type": "collection-shelf",
      "link": "https://www.coisasdatecaloja.com.br/mais",
      "limit": 24,
      "collection_id": "5f19eb4914ff772fde81d7f1:categories:Armarinho:/armarinho",
      "sort": "news"
    },
    {
      "type": "banners-grid",
      "banners": [
        {
          "img": "/img/uploads/colecao-necessarie.png",
          "link": "https://www.coisasdatecaloja.com.br/kitnecessaire",
          "alt": "Coleção Kit Necessarie - compre online"
        },
        {
          "img": "/img/uploads/inscreva-seyoutube.png",
          "link": "https://www.coisasdatecaloja.com.br/blog"
        },
        {
          "img": "/img/uploads/kit-tecidos.png",
          "link": "https://www.coisasdatecaloja.com.br/kit-tecidos",
          "alt": "Kit de Tecidos encontre aqui"
        },
        {
          "img": "/img/uploads/trioparcelamento.png",
          "link": "https://www.coisasdatecaloja.com.br/ofertas",
          "alt": "Veja mais Ofertas "
        }
      ]
    },
    {
      "type": "collection-shelf",
      "shuffle": true,
      "sort": "sales",
      "headless": false,
      "title": "♥Queridinhos♥",
      "collection_id": null
    },
    {
      "type": "collection-shelf",
      "shuffle": false,
      "limit": 12,
      "page": "",
      "sort": "news",
      "collection_id": "5f19eb5614ff772fde81d80e:categories:Neutro Tom Tom:/tecido-neutro-tom-tom",
      "title": "♥Tecidos Neutros ♥",
      "link": "https://www.coisasdatecaloja.com.br/tecido-neutro-tom-tom"
    },
    {
      "type": "page-title",
      "title": "Blog Coisas da Teca "
    },
    {
      "type": "blog",
      "enabled": true
    },
    {
      "type": "info-bar",
      "enabled": true
    }
  ]
}