{
  "assetsByChunkName": {
    "vendors~app-account~app-confirmation~app-order": [
      "chunk.8440a7c5067f400b5fc7.js",
      "chunk.8440a7c5067f400b5fc7.js.map"
    ],
    "vendors~app-account~app-checkout": [
      "chunk.e94b10bb7c7ee11042f2.js",
      "chunk.e94b10bb7c7ee11042f2.js.map"
    ],
    "vendors~app-cart~app-checkout": [
      "chunk.9ecacd720f8c6cf777b0.js",
      "chunk.9ecacd720f8c6cf777b0.js.map"
    ],
    "admin": [
      "admin.72f389d4df23e11f3d62.js",
      "admin.72f389d4df23e11f3d62.js.map"
    ],
    "app-account": [
      "chunk.2032e9ca48556184cdfb.js",
      "chunk.2032e9ca48556184cdfb.js.map"
    ],
    "app-cart": [
      "chunk.9816eff65218afcaca1d.js",
      "chunk.9816eff65218afcaca1d.js.map"
    ],
    "app-checkout": [
      "chunk.406aa1026d331d392b73.js",
      "chunk.406aa1026d331d392b73.js.map"
    ],
    "app-confirmation": [
      "chunk.fcb6106e73580c19a512.js",
      "chunk.fcb6106e73580c19a512.js.map"
    ],
    "app-order": [
      "chunk.c472926db1616b6b836c.js",
      "chunk.c472926db1616b6b836c.js.map"
    ],
    "checkout": [
      "checkout.5b4b62c4d9043443d53c.js",
      "checkout.5b4b62c4d9043443d53c.js.map"
    ],
    "storefront": [
      "storefront.0264098c8bf88a0a1a2b.css",
      "storefront.afb514366911da49bef4.js",
      "storefront.0264098c8bf88a0a1a2b.css.map",
      "storefront.afb514366911da49bef4.js.map"
    ]
  }
}